257	"Police 1"
258	"Police 2"
259	"Police 3"
260	"Police 4"
261	"Police 5"
262	"Police 6"
263	"Police 7"
264	"Police 8"
265	"Police 9"
272	"Police 10"
273	"Police 11"
274	"Police 12"
275	"Police 13"
276	"Police 14"
270	"Police Secure 1"
286	"Police Secure 2"
293	"PD Car to Car"
784	"PD Special Event"
807	"Park PD Tact"
808	"Prosecutor"
809	"Sheriff Tact"
846	"LE Secure"
6417	"PD E-Button"
820	"Hazmat"
1104	"EMS Mutual Aid"
1120	"Fire Mutual Aid"
1281	"EMS Response 1"
1282	"EMS Response 2"
1283	"EMS Response 3"
1284	"EMS Response 4"
1285	"EMS Response 5"
1286	"EMS Response 6"
1294	"EMS Secure"
1537	"Fire Response 1"
1538	"Fire Response 2"
1539	"Fire Response 3"
1540	"Fire Response 4"
1541	"Fire Response 5"
1542	"Fire Response 6"
1543	"Fire Response 7"
26897	"FD/EMS E-Button"
1793	"Operations 1"
1794	"Operations 2"
1795	"Operations 3"
1796	"Operations 4"
1797	"Operations 5"
1798	"Operations 6"
1799	"Operations 7"
1800	"Operations 8"
1801	"Operations 9"
1808	"Operations 10"
1809	"Operations 11"
1810	"Operations 12"
1811	"Operations 13"
1812	"Operations 14"
1813	"Operations 15"
1814	"Operations 16"
1815	"Operations 17"
1816	"Operations 18"
1817	"Operations 19"
1824	"Operations 20"
1825	"Operations 21"
1826	"Operations 22"
1827	"Operations 23"
1828	"Operations 24"
1829	"Operations 25"
1025	"MIRS-1 Interop"
30481	"NJICS Patch 1"
30482	"NJICS Patch 2"
30483	"NJICS Patch 3"
30484	"NJICS Patch 4"
30567	"USAR 7 Patch"
793	"OEM"
769	"County Government"
770	"MAPS Buses"
771	"Muni Utilities"
772	"Buildings/Grnds"
773	"Weights/Measures"
800	"Comm Center Link"
774	"System Techs"
